{"cameraMode":{"drawMode":0,"name":"Shaded","section":"Shading Mode"},"sceneLighting":true,"audioPlay":false,"sceneViewState":{"m_AlwaysRefresh":false,"showFog":true,"showSkybox":true,"showFlares":true,"showImageEffects":true,"showParticleSystems":true,"showVisualEffectGraphs":true,"m_FxEnabled":true},"in2DMode":false,"pivot":{"x":331.9354248046875,"y":12.891185760498047,"z":430.7271728515625},"rotation":{"x":0.09121129661798477,"y":-0.8997997045516968,"z":0.22737060487270356,"w":0.36105993390083315},"size":101.73176574707031,"orthographic":true}